{"cameraMode":{"drawMode":0,"name":"Shaded","section":"Shading Mode"},"sceneLighting":true,"audioPlay":false,"sceneViewState":{"showFog":true,"showMaterialUpdate":false,"showSkybox":true,"showFlares":true,"showImageEffects":true,"showParticleSystems":true},"in2DMode":false,"pivot":{"x":17.917858123779298,"y":-2.909637451171875,"z":20.417865753173829},"rotation":{"x":-0.375230997800827,"y":-0.5959951877593994,"z":0.3685283064842224,"w":-0.6068041920661926},"size":20.198780059814454,"orthographic":false}